DriverKey,EventKey,RacePosition,Points,RaceTime,Status,GridPosition,Q1,Q2,Q3,QualiTime,QualiDiff
1,1,1.0,25.0,6126.304,Finished,1.0,75.912,75.415,75.096,75.096,0.0
2,1,2.0,18.0,0.895,Finished,3.0,76.018,75.565,75.481,75.481,0.3849999999999909
3,1,3.0,15.0,8.481,Finished,4.0,75.971,75.798,75.546,75.546,0.45000000000000284
4,1,4.0,12.0,10.135,Finished,16.0,76.525,,,76.525,1.429000000000002
5,1,5.0,10.0,12.773,Finished,6.0,76.245,76.017,75.737,75.737,0.6409999999999911
6,1,6.0,8.0,17.413,Finished,13.0,76.369,76.483,,76.483,1.3870000000000005
7,1,7.0,6.0,18.423,Finished,17.0,76.579,,,76.579,1.4829999999999899
8,1,8.0,4.0,19.826,Finished,7.0,76.029,75.827,75.755,75.755,0.6589999999999918
9,1,9.0,2.0,20.448,Finished,2.0,76.062,75.468,75.18,75.18,0.08400000000000318
10,1,10.0,1.0,22.473,Finished,8.0,76.213,75.919,75.973,75.973,0.8769999999999953
11,1,11.0,0.0,26.502,Finished,9.0,76.328,76.112,75.98,75.98,0.8840000000000003
12,1,12.0,0.0,29.884,Finished,5.0,76.225,76.009,75.67,75.67,0.5739999999999981
13,1,13.0,0.0,33.161,Finished,19.0,77.147,,,77.147,2.051000000000002
14,1,14.0,0.0,40.351,Finished,20.0,,,,,
15,1,15.0,0.0,,Retired,18.0,77.094,,,77.094,1.9979999999999905
16,1,16.0,0.0,,Retired,15.0,76.516,77.52,,77.52,2.4239999999999924
17,1,17.0,0.0,,Retired,12.0,76.288,76.453,,76.453,1.3569999999999993
18,1,18.0,0.0,,Retired,10.0,76.36,75.931,76.062,76.062,0.965999999999994
19,1,19.0,0.0,,Retired,14.0,76.315,76.863,,76.863,1.766999999999996
20,1,20.0,0.0,,Retired,11.0,76.354,76.175,,76.175,1.0789999999999935
9,2,1.0,25.0,5455.026,Finished,1.0,91.591,91.2,90.641,90.641,0.0
1,2,2.0,18.0,9.748,Finished,3.0,90.983,90.787,90.793,90.793,0.15200000000000102
3,2,3.0,15.0,11.097,Finished,2.0,91.295,91.307,90.723,90.723,0.08199999999999363
2,2,4.0,12.0,16.656,Finished,4.0,91.424,91.142,90.817,90.817,0.17599999999998772
13,2,5.0,10.0,49.969,Finished,11.0,91.876,91.625,,91.625,0.9839999999999947
4,2,6.0,8.0,53.748,Finished,8.0,91.676,91.59,91.103,91.103,0.4619999999999891
5,2,7.0,6.0,56.321,Finished,10.0,91.503,91.595,91.706,91.706,1.0649999999999977
14,2,8.0,4.0,61.303,Finished,17.0,92.018,,,92.018,1.3769999999999953
6,2,9.0,2.0,70.204,Finished,14.0,91.923,91.773,,91.773,1.1319999999999908
18,2,10.0,1.0,76.387,Finished,15.0,91.628,91.84,,91.84,1.198999999999998
20,2,11.0,0.0,78.875,Finished,7.0,91.162,91.253,91.079,91.079,0.4379999999999882
15,2,12.0,0.0,81.147,Finished,20.0,92.174,,,92.174,1.5330000000000013
19,2,13.0,0.0,88.401,Finished,18.0,92.092,,,92.092,1.4509999999999934
16,2,14.0,0.0,10.756,Lapped,19.0,92.141,,,92.141,1.5
7,2,15.0,0.0,20.226,Lapped,12.0,91.921,91.632,,91.632,0.9909999999999997
12,2,16.0,0.0,23.511,Lapped,9.0,91.238,91.26,91.638,91.638,0.9969999999999999
17,2,17.0,0.0,,Retired,13.0,91.719,91.688,,91.688,1.046999999999997
8,2,18.0,0.0,,Disqualified,6.0,91.579,91.45,91.021,91.021,0.37999999999999545
10,2,19.0,0.0,,Disqualified,5.0,91.69,91.501,90.927,90.927,0.28600000000000136
11,2,20.0,0.0,,Disqualified,16.0,91.992,,,91.992,1.350999999999999
2,3,1.0,25.0,4926.983,Finished,1.0,87.943,87.502,86.983,86.983,0.0
1,3,2.0,18.0,1.423,Finished,2.0,87.845,87.146,86.995,86.995,0.012000000000000455
9,3,3.0,15.0,2.129,Finished,3.0,87.687,87.507,87.027,87.027,0.04399999999999693
8,3,4.0,12.0,16.097,Finished,4.0,87.92,87.555,87.299,87.299,0.3160000000000025
3,3,5.0,10.0,17.362,Finished,5.0,87.843,87.4,87.318,87.318,0.33499999999999375
4,3,6.0,8.0,18.671,Finished,6.0,87.968,87.639,87.555,87.555,0.5720000000000027
10,3,7.0,6.0,29.182,Finished,8.0,87.942,87.61,87.61,87.61,0.6269999999999953
20,3,8.0,4.0,37.134,Finished,7.0,88.278,87.775,87.569,87.569,0.5859999999999985
5,3,9.0,2.0,40.367,Finished,9.0,88.218,87.783,87.615,87.615,0.6319999999999908
14,3,10.0,1.0,54.529,Finished,10.0,88.228,87.711,87.867,87.867,0.8840000000000003
17,3,11.0,0.0,57.333,Finished,13.0,88.337,87.897,,87.897,0.9140000000000015
21,3,12.0,0.0,58.401,Finished,15.0,87.967,88.0,,88.0,1.016999999999996
11,3,13.0,0.0,62.122,Finished,11.0,88.186,87.822,,87.822,0.8389999999999986
18,3,14.0,0.0,74.129,Finished,12.0,88.209,87.836,,87.836,0.8529999999999944
19,3,15.0,0.0,81.314,Finished,19.0,88.877,,,88.877,1.8939999999999912
7,3,16.0,0.0,81.957,Finished,16.0,88.57,,,88.57,1.586999999999989
22,3,17.0,0.0,82.734,Finished,14.0,88.554,87.906,,87.906,0.9230000000000018
13,3,18.0,0.0,83.438,Finished,18.0,88.696,,,88.696,1.7129999999999939
16,3,19.0,0.0,83.897,Finished,17.0,88.622,,,88.622,1.6389999999999958
6,3,20.0,0.0,12.929,Lapped,20.0,89.271,,,89.271,2.2879999999999967
9,4,1.0,25.0,5739.435,Finished,1.0,91.392,90.454,89.841,89.841,0.0
3,4,2.0,18.0,15.499,Finished,2.0,91.494,90.664,90.009,90.009,0.16800000000000637
1,4,3.0,15.0,16.273,Finished,6.0,91.107,90.56,90.267,90.267,0.42600000000000193
8,4,4.0,12.0,19.679,Finished,3.0,91.454,90.724,90.175,90.175,0.3340000000000032
10,4,5.0,10.0,27.993,Finished,9.0,91.219,91.009,90.772,90.772,0.9310000000000116
2,4,6.0,8.0,34.395,Finished,7.0,91.303,91.019,90.423,90.423,0.5820000000000078
11,4,7.0,6.0,36.002,Finished,5.0,91.462,90.643,90.216,90.216,0.375
13,4,8.0,4.0,44.244,Finished,14.0,91.594,,,91.594,1.7530000000000001
21,4,9.0,2.0,45.061,Finished,10.0,91.751,91.228,91.303,91.303,1.4620000000000033
14,4,10.0,1.0,47.594,Finished,20.0,92.373,,,92.373,2.5320000000000107
4,4,11.0,0.0,48.016,Finished,4.0,91.415,90.716,90.213,90.213,0.3719999999999999
5,4,12.0,0.0,48.839,Finished,15.0,92.04,,,92.04,2.1990000000000123
20,4,13.0,0.0,56.314,Finished,12.0,91.591,91.271,,91.271,1.4300000000000068
19,4,14.0,0.0,57.806,Finished,11.0,91.414,91.245,,91.245,1.4040000000000106
17,4,15.0,0.0,60.34,Finished,13.0,91.634,91.886,,91.886,2.0450000000000017
22,4,16.0,0.0,64.435,Finished,17.0,92.165,,,92.165,2.3240000000000123
6,4,17.0,0.0,65.489,Finished,19.0,92.283,,,92.283,2.4420000000000073
16,4,18.0,0.0,66.872,Finished,18.0,92.186,,,92.186,2.345000000000013
18,4,19.0,0.0,,Retired,8.0,91.591,90.844,90.68,90.68,0.8390000000000128
7,4,20.0,0.0,,Disqualified,16.0,92.067,,,92.067,2.225999999999999
9,5,1.0,25.0,4866.758,Finished,2.0,87.901,87.545,87.304,87.304,0.010000000000005116
2,5,2.0,18.0,2.843,Finished,1.0,87.778,87.529,87.294,87.294,0.0
8,5,3.0,15.0,8.104,Finished,4.0,88.552,87.866,87.67,87.67,0.3760000000000048
1,5,4.0,12.0,9.196,Finished,10.0,87.805,87.481,,87.481,0.1869999999999976
3,5,5.0,10.0,27.236,Finished,3.0,88.282,87.599,87.407,87.407,0.11299999999999955
4,5,6.0,8.0,34.688,Finished,5.0,88.128,87.798,87.866,87.866,0.5720000000000027
10,5,7.0,6.0,39.073,Finished,7.0,88.372,88.102,88.201,88.201,0.9069999999999965
18,5,8.0,4.0,64.63,Finished,6.0,88.354,88.024,88.164,88.164,0.8700000000000045
5,5,9.0,2.0,66.515,Finished,11.0,88.279,88.109,,88.109,0.8149999999999977
20,5,10.0,1.0,67.091,Finished,14.0,88.571,88.418,,88.418,1.1240000000000094
17,5,11.0,0.0,75.917,Finished,13.0,88.548,88.303,,88.303,1.0090000000000003
22,5,12.0,0.0,78.451,Finished,12.0,88.561,88.191,,88.191,0.8970000000000056
14,5,13.0,0.0,79.194,Finished,15.0,88.536,88.648,,88.648,1.3539999999999992
13,5,14.0,0.0,99.723,Finished,19.0,89.092,,,89.092,1.7980000000000018
7,5,15.0,0.0,4.609,Lapped,18.0,88.782,,,88.782,1.4879999999999995
6,5,16.0,0.0,5.527,Lapped,16.0,88.645,,,88.645,1.350999999999999
19,5,17.0,0.0,19.264,Lapped,17.0,88.739,,,88.739,1.4450000000000074
16,5,18.0,0.0,19.306,Lapped,20.0,89.462,,,89.462,2.1680000000000064
21,5,19.0,0.0,,Retired,8.0,88.226,87.99,88.204,88.204,0.9099999999999966
11,5,20.0,0.0,,Retired,9.0,88.421,88.025,88.367,88.367,1.0730000000000075
9,6,1.0,25.0,5331.587,Finished,4.0,87.006,86.269,86.375,86.375,0.17100000000000648
1,6,2.0,18.0,4.63,Finished,2.0,86.955,86.499,86.269,86.269,0.06500000000001194
3,6,3.0,15.0,37.644,Finished,5.0,87.014,86.575,86.385,86.385,0.1810000000000116
2,6,4.0,12.0,39.956,Finished,1.0,86.87,86.643,86.204,86.204,0.0
5,6,5.0,10.0,48.067,Finished,7.0,87.042,86.855,86.682,86.682,0.47800000000000864
4,6,6.0,8.0,55.502,Finished,3.0,87.077,86.606,86.271,86.271,0.06700000000000728
8,6,7.0,6.0,57.036,Finished,8.0,87.417,86.948,86.754,86.754,0.5500000000000114
10,6,8.0,4.0,60.186,Finished,12.0,87.279,87.006,,87.006,0.8020000000000067
18,6,9.0,2.0,60.577,Finished,6.0,87.098,86.847,86.569,86.569,0.3650000000000091
21,6,10.0,1.0,74.434,Finished,10.0,87.298,86.959,86.943,86.943,0.7390000000000043
20,6,11.0,0.0,74.602,Finished,11.0,87.301,86.987,,86.987,0.7830000000000013
13,6,12.0,0.0,82.006,Finished,9.0,87.45,86.967,86.824,86.824,0.6200000000000045
11,6,13.0,0.0,90.445,Finished,18.0,87.71,,,87.71,1.5060000000000002
7,6,14.0,0.0,1.155,Lapped,16.0,87.473,,,87.473,1.2690000000000055
17,6,15.0,0.0,20.979,Lapped,17.0,87.604,,,87.604,1.4000000000000057
6,6,16.0,0.0,25.162,Lapped,19.0,87.83,,,87.83,1.6260000000000048
22,6,17.0,0.0,,Retired,15.0,87.444,87.363,,87.363,1.159000000000006
16,6,18.0,0.0,,Retired,13.0,87.343,87.151,,87.151,0.9470000000000027
14,6,19.0,0.0,,Retired,20.0,87.999,,,87.999,1.7950000000000017
19,6,20.0,0.0,,Retired,14.0,87.422,87.186,,87.186,0.9820000000000135
2,7,1.0,25.0,5493.199,Finished,2.0,75.175,75.394,74.704,74.704,0.033999999999991815
1,7,2.0,18.0,6.109,Finished,4.0,75.894,75.261,74.962,74.962,0.2920000000000016
9,7,3.0,15.0,12.956,Finished,1.0,75.5,75.214,74.67,74.67,0.0
10,7,4.0,12.0,14.356,Finished,12.0,76.163,75.765,,75.765,1.0949999999999989
5,7,5.0,10.0,17.945,Finished,7.0,76.123,75.521,75.473,75.473,0.8029999999999973
8,7,6.0,8.0,20.774,Finished,11.0,76.108,75.604,,75.604,0.9339999999999975
3,7,7.0,6.0,22.034,Finished,3.0,75.852,75.334,74.807,74.807,0.13700000000000045
18,7,8.0,4.0,22.898,Finished,6.0,75.987,75.198,75.432,75.432,0.7620000000000005
20,7,9.0,2.0,23.586,Finished,9.0,76.253,75.51,75.746,75.746,1.0759999999999934
21,7,10.0,1.0,26.446,Finished,20.0,,,,,
17,7,11.0,0.0,27.25,Finished,5.0,75.695,75.442,75.431,75.431,0.7609999999999957
7,7,12.0,0.0,30.296,Finished,17.0,76.518,,,76.518,1.847999999999999
11,7,13.0,0.0,31.424,Finished,10.0,75.937,75.505,75.787,75.787,1.1170000000000044
22,7,14.0,0.0,32.511,Finished,16.0,76.379,,,76.379,1.7090000000000032
6,7,15.0,0.0,32.993,Finished,8.0,75.817,75.497,75.581,75.581,0.9110000000000014
23,7,16.0,0.0,33.411,Finished,15.0,76.256,,,76.256,1.5859999999999985
14,7,17.0,0.0,33.808,Finished,19.0,76.918,,,76.918,2.2480000000000047
16,7,18.0,0.0,38.572,Finished,14.0,76.34,76.26,,76.26,1.5900000000000034
4,7,19.0,0.0,,Retired,13.0,75.943,75.772,,75.772,1.1020000000000039
13,7,20.0,0.0,,Retired,18.0,76.613,,,76.613,1.9429999999999978
1,8,1.0,25.0,6033.843,Finished,1.0,71.285,70.57,69.954,69.954,0.0
8,8,2.0,18.0,3.131,Finished,2.0,71.229,70.581,70.063,70.063,0.10900000000000887
9,8,3.0,15.0,3.658,Finished,3.0,71.308,70.858,70.129,70.129,0.17500000000001137
2,8,4.0,12.0,20.572,Finished,5.0,71.431,70.875,70.669,70.669,0.7150000000000034
10,8,5.0,10.0,51.387,Finished,4.0,71.575,70.883,70.382,70.382,0.4280000000000115
20,8,6.0,8.0,65.082,Lapped,6.0,71.811,71.04,70.923,70.923,0.9690000000000083
13,8,7.0,6.0,66.029,Lapped,8.0,71.839,71.262,70.942,70.942,0.9879999999999995
22,8,8.0,4.0,66.746,Lapped,9.0,71.818,71.25,71.129,71.129,1.1750000000000114
5,8,9.0,2.0,11.869,Lapped,10.0,71.629,70.732,71.213,71.213,1.2590000000000003
18,8,10.0,1.0,15.232,Lapped,11.0,71.707,71.362,,71.362,1.4080000000000013
3,8,11.0,0.0,33.844,Lapped,14.0,71.507,,,71.507,1.5530000000000115
14,8,12.0,0.0,54.693,Lapped,17.0,71.979,,,71.979,2.0250000000000057
23,8,13.0,0.0,57.114,Lapped,20.0,72.597,,,72.597,2.6430000000000007
16,8,14.0,0.0,68.424,Lapped,16.0,71.902,,,71.902,1.9480000000000075
6,8,15.0,0.0,70.395,Lapped,19.0,72.563,,,72.563,2.609000000000009
7,8,16.0,0.0,71.544,Lapped,13.0,71.871,71.596,,71.596,1.6420000000000101
21,8,17.0,0.0,71.849,Lapped,12.0,71.8,71.415,,71.415,1.4610000000000127
4,8,18.0,0.0,8.409,Lapped,15.0,71.88,,,71.88,1.926000000000002
17,8,19.0,0.0,,Retired,7.0,71.674,71.182,70.924,70.924,0.9700000000000131
11,8,20.0,0.0,,Retired,18.0,71.994,,,71.994,2.0400000000000063
9,9,1.0,25.0,5577.375,Finished,1.0,72.551,71.998,71.546,71.546,0.0
1,9,2.0,18.0,2.471,Finished,2.0,72.799,72.056,71.755,71.755,0.20899999999998897
8,9,3.0,15.0,10.455,Finished,7.0,73.014,72.495,72.131,72.131,0.5849999999999937
3,9,4.0,12.0,11.359,Finished,4.0,72.806,72.407,71.848,71.848,0.3019999999999925
7,9,5.0,10.0,13.648,Finished,16.0,73.19,,,73.19,1.6439999999999912
10,9,6.0,8.0,15.508,Finished,5.0,73.058,72.447,72.045,72.045,0.4989999999999952
20,9,7.0,6.0,16.022,Finished,9.0,73.139,72.461,72.252,72.252,0.7059999999999889
11,9,8.0,4.0,17.882,Finished,8.0,73.081,72.611,72.199,72.199,0.6529999999999916
17,9,9.0,2.0,21.564,Finished,10.0,73.102,72.523,72.284,72.284,0.7379999999999995
2,9,10.0,1.0,21.826,Finished,3.0,72.798,72.358,71.848,71.848,0.3019999999999925
22,9,11.0,0.0,25.532,Finished,13.0,73.039,72.763,,72.763,1.2169999999999987
16,9,12.0,0.0,25.996,Finished,12.0,73.045,72.756,,72.756,1.2099999999999937
21,9,13.0,0.0,28.822,Finished,20.0,73.385,,,73.385,1.8389999999999986
18,9,14.0,0.0,29.309,Finished,18.0,73.203,,,73.203,1.6569999999999965
23,9,15.0,0.0,31.381,Finished,19.0,73.334,,,73.334,1.7879999999999967
13,9,16.0,0.0,32.197,Finished,17.0,73.201,,,73.201,1.654999999999987
14,9,17.0,0.0,37.065,Finished,15.0,73.074,73.315,,73.315,1.7689999999999912
4,9,18.0,0.0,,Retired,6.0,72.815,72.585,72.111,72.111,0.5649999999999977
5,9,19.0,0.0,,Retired,11.0,73.044,72.641,,72.641,1.0949999999999989
6,9,,,,,14.0,73.038,73.058,,73.058,1.5120000000000005
3,10,1.0,25.0,5512.688,Finished,1.0,72.075,71.57,70.899,70.899,0.0
2,10,2.0,18.0,0.228,Finished,2.0,72.054,71.638,71.059,71.059,0.1599999999999966
4,10,3.0,15.0,1.014,Finished,4.0,72.279,71.974,71.391,71.391,0.49200000000000443
9,10,4.0,12.0,2.109,Finished,3.0,71.939,71.715,71.12,71.12,0.22100000000000364
8,10,5.0,10.0,3.442,Finished,8.0,72.038,71.626,71.682,71.682,0.7830000000000013
10,10,6.0,8.0,10.713,Finished,5.0,71.952,71.885,71.526,71.526,0.6269999999999953
17,10,7.0,6.0,10.972,Finished,6.0,72.073,71.805,71.586,71.586,0.6869999999999976
7,10,8.0,4.0,15.364,Finished,13.0,72.323,72.183,,72.183,1.284000000000006
13,10,9.0,2.0,1.473,Lapped,15.0,72.378,72.634,,72.634,1.7349999999999994
18,10,10.0,1.0,1.886,Lapped,17.0,72.398,,,72.398,1.4989999999999952
14,10,11.0,0.0,3.717,Lapped,14.0,72.306,72.34,,72.34,1.4410000000000025
21,10,12.0,0.0,5.456,Lapped,11.0,72.334,72.102,,72.102,1.203000000000003
23,10,13.0,0.0,7.018,Lapped,12.0,72.234,72.142,,72.142,1.242999999999995
16,10,14.0,0.0,7.879,Lapped,16.0,72.385,,,72.385,1.4860000000000042
11,10,15.0,0.0,7.95,Lapped,20.0,72.667,,,72.667,1.7680000000000007
20,10,16.0,0.0,8.737,Lapped,9.0,72.211,72.003,71.867,71.867,0.9680000000000035
6,10,17.0,0.0,9.063,Lapped,18.0,72.517,,,72.517,1.617999999999995
1,10,18.0,0.0,,Retired,7.0,71.826,71.599,71.625,71.625,0.7259999999999991
22,10,19.0,0.0,,Retired,19.0,72.525,,,72.525,1.6260000000000048
5,10,20.0,0.0,,Retired,10.0,72.09,71.892,71.907,71.907,1.0079999999999956
1,11,1.0,25.0,5027.693,Finished,1.0,64.672,64.41,63.971,63.971,0.0
9,11,2.0,18.0,2.695,Finished,3.0,64.966,64.556,64.554,64.554,0.5830000000000055
8,11,3.0,15.0,19.82,Finished,2.0,65.197,64.734,64.492,64.492,0.5210000000000079
10,11,4.0,12.0,29.02,Finished,4.0,65.115,64.896,64.582,64.582,0.6109999999999971
3,11,5.0,10.0,62.396,Finished,5.0,65.189,64.86,64.763,64.763,0.7920000000000087
22,11,6.0,8.0,67.754,Finished,6.0,65.017,65.041,64.926,64.926,0.9550000000000054
17,11,7.0,6.0,1.437,Lapped,11.0,65.197,65.128,,65.128,1.1570000000000036
16,11,8.0,4.0,1.952,Lapped,8.0,65.123,64.846,65.132,65.132,1.1610000000000085
7,11,9.0,2.0,7.72,Lapped,20.0,65.606,,,65.606,1.634999999999998
13,11,10.0,1.0,9.986,Lapped,17.0,65.364,,,65.364,1.3930000000000078
14,11,11.0,0.0,24.854,Lapped,15.0,65.218,65.312,,65.312,1.341000000000001
20,11,12.0,0.0,27.957,Lapped,13.0,65.063,65.226,,65.226,1.2550000000000026
11,11,13.0,0.0,33.055,Lapped,10.0,65.054,64.846,65.649,65.649,1.6780000000000044
6,11,14.0,0.0,34.462,Lapped,16.0,65.329,,,65.329,1.357999999999997
23,11,15.0,0.0,42.692,Lapped,14.0,65.278,65.288,,65.288,1.3170000000000002
21,11,16.0,0.0,2.979,Lapped,18.0,65.369,,,65.369,1.3980000000000032
5,11,17.0,0.0,,Retired,12.0,65.143,65.205,,65.205,1.2340000000000018
2,11,18.0,0.0,,Retired,7.0,65.106,64.836,64.929,64.929,0.9580000000000055
4,11,19.0,0.0,,Retired,9.0,65.178,65.052,65.276,65.276,1.3049999999999997
18,11,20.0,0.0,,Did not start,19.0,65.582,,,65.582,1.610999999999997
1,12,1.0,25.0,5835.735,Finished,3.0,86.123,85.231,85.01,85.01,0.11800000000000921
9,12,2.0,18.0,6.812,Finished,2.0,85.963,85.316,84.995,84.995,0.10300000000000864
7,12,3.0,15.0,34.742,Finished,19.0,86.574,,,86.574,1.6820000000000022
10,12,4.0,12.0,39.812,Finished,5.0,86.296,85.084,85.095,85.095,0.20300000000000296
2,12,5.0,10.0,56.781,Finished,1.0,85.886,85.316,84.892,84.892,0.0
11,12,6.0,8.0,59.857,Finished,10.0,86.328,85.711,85.785,85.785,0.8930000000000007
6,12,7.0,6.0,60.603,Finished,18.0,86.504,,,86.504,1.612000000000009
5,12,8.0,4.0,64.135,Finished,14.0,86.093,85.889,,85.889,0.9969999999999999
17,12,9.0,2.0,65.858,Finished,9.0,86.108,85.593,85.621,85.621,0.7289999999999992
3,12,10.0,1.0,70.674,Finished,4.0,86.236,85.637,85.029,85.029,0.13700000000000045
14,12,11.0,0.0,72.095,Finished,8.0,86.005,85.534,85.471,85.471,0.5790000000000077
18,12,12.0,0.0,76.592,Finished,11.0,86.175,85.746,,85.746,0.8539999999999992
13,12,13.0,0.0,77.301,Finished,15.0,86.136,85.95,,85.95,1.058000000000007
8,12,14.0,0.0,84.477,Finished,6.0,86.186,85.133,85.121,85.121,0.2289999999999992
21,12,15.0,0.0,32.25,Lapped,12.0,86.275,85.826,,85.826,0.9339999999999975
4,12,16.0,0.0,,Retired,7.0,86.265,85.62,85.374,85.374,0.4819999999999993
20,12,17.0,0.0,,Retired,13.0,86.177,85.864,,85.864,0.9720000000000084
16,12,18.0,0.0,,Retired,17.0,86.446,,,86.446,1.554000000000002
22,12,19.0,0.0,,Retired,16.0,86.44,,,86.44,1.5480000000000018
23,12,20.0,0.0,,Did not start,20.0,87.06,,,87.06,2.1680000000000064
9,13,1.0,25.0,5122.601,Finished,2.0,101.201,100.626,100.647,100.647,0.08500000000000796
1,13,2.0,18.0,3.415,Finished,1.0,101.01,100.715,100.562,100.562,0.0
8,13,3.0,15.0,20.185,Finished,3.0,101.635,101.084,100.9,100.9,0.33800000000000807
2,13,4.0,12.0,21.731,Finished,4.0,101.334,100.951,100.903,100.903,0.3410000000000082
3,13,5.0,10.0,34.863,Finished,6.0,101.784,101.254,101.26,101.26,0.6980000000000075
5,13,6.0,8.0,39.926,Finished,5.0,101.772,101.505,101.201,101.201,0.6389999999999958
10,13,7.0,6.0,40.679,Finished,16.0,101.939,,,101.939,1.3769999999999953
22,13,8.0,4.0,52.033,Finished,9.0,101.748,101.297,101.328,101.328,0.7660000000000053
16,13,9.0,2.0,56.434,Finished,10.0,101.908,101.336,102.387,102.387,1.8250000000000028
11,13,10.0,1.0,72.714,Finished,13.0,101.8,101.633,,101.633,1.070999999999998
14,13,11.0,0.0,73.145,Finished,12.0,101.617,101.617,,101.617,1.0550000000000068
7,13,12.0,0.0,73.628,Finished,14.0,101.844,101.707,,101.707,1.144999999999996
21,13,13.0,0.0,75.395,Finished,7.0,101.84,101.245,101.284,101.284,0.7220000000000084
6,13,14.0,0.0,79.831,Finished,20.0,102.502,,,102.502,1.9399999999999977
13,13,15.0,0.0,86.063,Finished,11.0,101.884,101.525,,101.525,0.9630000000000081
4,13,16.0,0.0,86.721,Finished,18.0,102.139,,,102.139,1.5769999999999982
17,13,17.0,0.0,87.924,Finished,19.0,102.385,,,102.385,1.8230000000000075
18,13,18.0,0.0,92.024,Finished,15.0,101.691,101.758,,101.758,1.195999999999998
23,13,19.0,0.0,95.25,Finished,17.0,102.022,,,102.022,1.460000000000008
20,13,20.0,0.0,12.942,Lapped,8.0,101.572,101.281,101.31,101.31,0.7480000000000047
1,14,1.0,25.0,5721.231,Finished,3.0,75.523,74.89,75.413,75.413,0.04099999999999682
9,14,2.0,18.0,0.698,Finished,2.0,75.211,74.941,75.398,75.398,0.02599999999999625
3,14,3.0,15.0,21.916,Finished,4.0,75.627,75.201,75.425,75.425,0.05299999999999727
8,14,4.0,12.0,42.56,Finished,1.0,75.582,75.455,75.372,75.372,0.0
17,14,5.0,10.0,59.04,Finished,5.0,75.281,75.395,75.481,75.481,0.10899999999999466
16,14,6.0,8.0,66.169,Finished,7.0,75.586,75.687,75.725,75.725,0.35299999999999443
6,14,7.0,6.0,68.174,Finished,6.0,75.673,75.129,75.498,75.498,0.12600000000000477
22,14,8.0,4.0,69.451,Finished,9.0,75.849,75.63,75.821,75.821,0.44899999999999807
2,14,9.0,2.0,72.645,Finished,8.0,75.736,75.547,75.728,75.728,0.35599999999999454
4,14,10.0,1.0,7.649,Lapped,15.0,75.782,76.386,,76.386,1.0139999999999958
20,14,11.0,0.0,8.5,Lapped,10.0,75.516,75.469,75.915,75.915,0.5430000000000064
10,14,12.0,0.0,9.861,Lapped,12.0,75.733,75.702,,75.702,0.3299999999999983
7,14,13.0,0.0,31.268,Lapped,19.0,76.081,,,76.081,0.7090000000000032
18,14,14.0,0.0,33.326,Lapped,13.0,75.652,75.781,,75.781,0.409000000000006
5,14,15.0,0.0,38.111,Lapped,20.0,76.223,,,76.223,0.8509999999999991
13,14,16.0,0.0,45.258,Lapped,18.0,76.023,,,76.023,0.6509999999999962
21,14,17.0,0.0,46.943,Lapped,16.0,75.899,,,75.899,0.527000000000001
23,14,18.0,0.0,47.37,Lapped,14.0,75.875,76.159,,76.159,0.7870000000000061
11,14,19.0,0.0,56.344,Lapped,17.0,75.966,,,75.966,0.5939999999999941
14,14,20.0,0.0,,Retired,11.0,75.75,75.694,,75.694,0.32200000000000273
9,15,1.0,25.0,5909.849,Finished,1.0,69.338,68.964,68.662,68.662,0.0
2,15,2.0,18.0,1.271,Finished,3.0,69.696,69.122,68.925,68.925,0.262999999999991
20,15,3.0,15.0,3.233,Finished,4.0,69.966,69.439,69.208,69.208,0.5459999999999923
3,15,4.0,12.0,5.654,Finished,5.0,69.676,69.313,69.255,69.255,0.5929999999999893
5,15,5.0,10.0,6.327,Finished,15.0,69.792,69.652,,69.652,0.9899999999999949
14,15,6.0,8.0,9.044,Finished,19.0,70.262,,,70.262,1.5999999999999943
6,15,7.0,6.0,9.497,Finished,20.0,,,,,
17,15,8.0,4.0,11.709,Finished,10.0,69.95,69.366,69.63,69.63,0.9679999999999893
21,15,9.0,2.0,13.597,Finished,12.0,69.954,69.622,,69.622,0.9599999999999937
13,15,10.0,1.0,14.063,Finished,18.0,70.197,,,70.197,1.5349999999999966
23,15,11.0,0.0,14.511,Finished,16.0,70.104,,,70.104,1.441999999999993
22,15,12.0,0.0,17.063,Finished,8.0,69.779,69.383,69.5,69.5,0.8379999999999939
18,15,13.0,0.0,17.376,Finished,9.0,69.98,69.472,69.505,69.505,0.8429999999999893
7,15,14.0,0.0,19.725,Finished,17.0,70.195,,,70.195,1.532999999999987
16,15,15.0,0.0,21.565,Finished,13.0,70.037,69.622,,69.622,0.9599999999999937
4,15,16.0,0.0,22.029,Finished,11.0,69.845,69.493,,69.493,0.8309999999999889
11,15,17.0,0.0,23.629,Finished,14.0,69.894,69.637,,69.637,0.9749999999999943
1,15,18.0,0.0,,Retired,2.0,69.469,68.874,68.674,68.674,0.012000000000000455
8,15,19.0,0.0,,Retired,6.0,69.906,69.304,69.34,69.34,0.6779999999999973
10,15,20.0,0.0,,Retired,7.0,69.9,69.261,69.39,69.39,0.7279999999999944
2,16,1.0,25.0,4404.325,Finished,1.0,79.455,79.14,78.792,78.792,0.0
1,16,2.0,18.0,19.207,Finished,2.0,79.517,79.293,78.869,78.869,0.07699999999999818
9,16,3.0,15.0,21.351,Finished,3.0,79.711,79.286,78.982,78.982,0.18999999999999773
8,16,4.0,12.0,25.624,Finished,4.0,79.689,79.31,79.007,79.007,0.2150000000000034
3,16,5.0,10.0,32.881,Finished,6.0,79.414,79.287,79.157,79.157,0.3649999999999949
10,16,6.0,8.0,37.449,Finished,5.0,79.765,79.371,79.124,79.124,0.33199999999999363
5,16,7.0,6.0,50.537,Finished,14.0,79.837,79.583,,79.583,0.7909999999999968
16,16,8.0,4.0,58.484,Finished,8.0,79.688,79.323,79.39,79.39,0.597999999999999
4,16,9.0,2.0,59.762,Finished,7.0,79.747,79.245,79.2,79.2,0.40800000000000125
20,16,10.0,1.0,63.891,Finished,16.0,79.917,,,79.917,1.125
18,16,11.0,0.0,64.469,Finished,13.0,79.644,79.528,,79.528,0.7360000000000042
14,16,12.0,0.0,79.288,Finished,11.0,79.688,79.446,,79.446,0.6539999999999964
21,16,13.0,0.0,80.701,Finished,10.0,79.619,79.433,79.519,79.519,0.7270000000000039
22,16,14.0,0.0,82.351,Finished,20.0,80.279,,,80.279,1.4869999999999948
13,16,15.0,0.0,2.135,Lapped,15.0,79.816,79.707,,79.707,0.914999999999992
11,16,16.0,0.0,5.837,Lapped,19.0,80.103,,,80.103,1.3109999999999928
23,16,17.0,0.0,7.448,Lapped,18.0,79.992,,,79.992,1.2000000000000028
6,16,18.0,0.0,9.301,Lapped,17.0,79.948,,,79.948,1.1559999999999917
17,16,19.0,0.0,,Retired,9.0,79.658,79.362,79.424,79.424,0.632000000000005
7,16,20.0,0.0,,Did not start,12.0,79.777,79.498,,79.498,0.7060000000000031
2,17,1.0,25.0,5606.408,Finished,1.0,101.331,101.255,101.117,101.117,0.0
3,17,2.0,18.0,14.609,Finished,5.0,101.646,101.455,102.07,102.07,0.9529999999999887
18,17,3.0,15.0,19.199,Finished,2.0,102.635,101.675,101.595,101.595,0.47799999999999443
4,17,4.0,12.0,21.76,Finished,4.0,102.247,101.464,101.717,101.717,0.5999999999999943
22,17,5.0,10.0,33.29,Finished,3.0,102.257,101.537,101.707,101.707,0.5899999999999892
21,17,6.0,8.0,33.808,Finished,6.0,102.347,101.788,102.143,102.143,1.0259999999999962
1,17,7.0,6.0,34.227,Finished,7.0,101.322,101.396,102.239,102.239,1.1219999999999999
10,17,8.0,4.0,36.31,Finished,12.0,101.821,102.183,,102.183,1.0660000000000025
8,17,9.0,2.0,36.774,Finished,10.0,101.458,101.519,,101.519,0.402000000000001
20,17,10.0,1.0,38.982,Finished,8.0,101.656,101.647,102.372,102.372,1.2549999999999955
16,17,11.0,0.0,67.606,Finished,13.0,102.511,102.277,,102.277,1.1599999999999966
14,17,12.0,0.0,68.262,Finished,15.0,102.666,,,102.666,1.5489999999999924
5,17,13.0,0.0,72.87,Finished,19.0,103.778,,,103.778,2.6610000000000014
13,17,14.0,0.0,77.58,Finished,20.0,,,,,
17,17,15.0,0.0,78.707,Finished,11.0,102.211,101.857,,101.857,0.7399999999999949
7,17,16.0,0.0,80.237,Finished,17.0,102.916,,,102.916,1.7989999999999924
6,17,17.0,0.0,96.392,Finished,14.0,102.101,103.061,,103.061,1.9440000000000026
11,17,18.0,0.0,3.865,Lapped,18.0,103.139,,,103.139,2.0219999999999914
23,17,19.0,0.0,6.325,Lapped,16.0,102.779,,,102.779,1.661999999999992
9,17,20.0,0.0,,Retired,9.0,101.839,101.414,,101.414,0.29699999999999704
3,18,1.0,25.0,6022.367,Finished,1.0,89.928,89.562,89.158,89.158,0.0
2,18,2.0,18.0,5.43,Finished,2.0,90.028,89.572,89.34,89.34,0.18200000000000216
1,18,3.0,15.0,6.066,Finished,5.0,89.932,89.809,89.586,89.586,0.42799999999999727
9,18,4.0,12.0,8.146,Finished,3.0,90.313,89.813,89.524,89.524,0.36599999999999966
4,18,5.0,10.0,33.681,Finished,4.0,90.036,89.649,89.537,89.537,0.3790000000000049
8,18,6.0,8.0,45.996,Finished,7.0,90.37,89.914,89.784,89.784,0.6260000000000048
17,18,7.0,6.0,80.667,Finished,10.0,90.745,90.054,89.955,89.955,0.796999999999997
10,18,8.0,4.0,85.251,Finished,6.0,89.765,89.936,89.688,89.688,0.5300000000000011
14,18,9.0,2.0,93.527,Finished,9.0,90.42,90.076,89.868,89.868,0.7099999999999937
18,18,10.0,1.0,10.754,Lapped,13.0,,90.235,,90.235,1.0769999999999982
20,18,11.0,0.0,17.335,Lapped,8.0,90.214,90.016,89.846,89.846,0.6880000000000024
21,18,12.0,0.0,19.269,Lapped,13.0,90.574,90.353,,90.353,1.1949999999999932
6,18,13.0,0.0,24.49,Lapped,15.0,90.949,,,90.949,1.7909999999999968
5,18,14.0,0.0,25.32,Lapped,12.0,,90.202,,90.202,1.043999999999997
22,18,15.0,0.0,27.145,Lapped,12.0,90.681,90.32,,90.32,1.161999999999992
23,18,16.0,0.0,42.89,Lapped,16.0,90.982,,,90.982,1.823999999999998
16,18,17.0,0.0,46.753,Lapped,14.0,90.82,,,90.82,1.661999999999992
13,18,18.0,0.0,47.133,Lapped,17.0,90.989,,,90.989,1.831000000000003
11,18,19.0,0.0,47.461,Lapped,18.0,91.261,,,91.261,2.1029999999999944
7,18,20.0,0.0,49.04,Lapped,11.0,90.715,90.141,,90.141,0.9830000000000041
2,19,1.0,25.0,5640.161,Finished,1.0,93.207,92.701,92.51,92.51,0.0
1,19,2.0,18.0,7.959,Finished,2.0,93.843,92.876,92.801,92.801,0.2909999999999968
8,19,3.0,15.0,15.373,Finished,3.0,93.525,92.869,92.807,92.807,0.29699999999999704
10,19,4.0,12.0,28.536,Finished,5.0,93.685,92.914,92.912,92.912,0.402000000000001
9,19,5.0,10.0,29.678,Finished,6.0,93.746,93.228,93.084,93.084,0.5739999999999981
3,19,6.0,8.0,33.456,Finished,4.0,93.311,93.058,92.826,92.826,0.3159999999999883
21,19,7.0,6.0,52.714,Finished,13.0,93.935,93.466,,93.466,0.9559999999999889
7,19,8.0,4.0,57.249,Finished,11.0,93.551,93.334,,93.334,0.8239999999999981
14,19,9.0,2.0,64.722,Finished,8.0,93.921,93.238,93.139,93.139,0.6289999999999907
17,19,10.0,1.0,70.001,Finished,10.0,93.741,93.237,93.16,93.16,0.6499999999999915
22,19,11.0,0.0,73.209,Finished,12.0,93.549,93.36,,93.36,0.8499999999999943
6,19,12.0,0.0,74.778,Finished,18.0,94.54,,,94.54,2.030000000000001
4,19,13.0,0.0,75.746,Finished,7.0,93.501,93.044,93.114,93.114,0.6039999999999992
5,19,14.0,0.0,80.0,Finished,19.0,94.69,,,94.69,2.1799999999999926
13,19,15.0,0.0,83.043,Finished,17.0,94.136,,,94.136,1.6259999999999906
20,19,16.0,0.0,92.807,Finished,20.0,,,,,
23,19,17.0,0.0,2.307,Lapped,15.0,94.039,94.044,,94.044,1.5339999999999918
16,19,18.0,0.0,3.557,Lapped,16.0,94.125,,,94.125,1.6149999999999949
11,19,19.0,0.0,6.155,Lapped,14.0,93.599,93.651,,93.651,1.1409999999999911
18,19,20.0,0.0,,Retired,9.0,93.739,93.124,93.15,93.15,0.6400000000000006
